Date,Deposit rate
1/1/2015,0.48
1/2/2015,0.53
1/5/2015,0.53
1/6/2015,0.53
1/7/2015,0.53
1/8/2015,0.53
1/9/2015,0.53
1/12/2015,0.53
1/13/2015,0.63
1/14/2015,0.63
1/15/2015,0.53
1/16/2015,0.63
1/19/2015,0.53
1/20/2015,0.53
1/21/2015,0.63
1/22/2015,0.63
1/23/2015,0.63
1/26/2015,0.5
1/27/2015,0.63
1/28/2015,0.63
1/29/2015,0.5
1/30/2015,0.5
2/2/2015,0.63
2/3/2015,0.63
2/4/2015,0.5
2/5/2015,0.5
2/6/2015,0.5
2/9/2015,0.63
2/10/2015,0.55
2/11/2015,0.63
2/12/2015,0.55
2/13/2015,0.55
2/16/2015,0.55
2/17/2015,0.55
2/18/2015,0.52
2/19/2015,0.53
2/20/2015,0.63
2/23/2015,0.5
2/24/2015,0.51
2/25/2015,0.63
2/26/2015,0.52
2/27/2015,0.52
3/2/2015,0.53
3/3/2015,0.53
3/4/2015,0.52
3/5/2015,0.52
3/6/2015,0.45
3/9/2015,0.5
3/10/2015,0.51
3/11/2015,0.5
3/12/2015,0.55
3/13/2015,0.5
3/16/2015,0.5
3/17/2015,0.63
3/18/2015,0.5
3/19/2015,0.5
3/20/2015,0.52
3/23/2015,0.54
3/24/2015,0.54
3/25/2015,0.67
3/26/2015,0.51
3/27/2015,0.6
3/30/2015,0.51
3/31/2015,0.67
4/1/2015,0.51
4/2/2015,0.62
4/3/2015,0.45
4/6/2015,0.45
4/7/2015,0.5
4/8/2015,0.5
4/9/2015,0.5
4/10/2015,0.52
4/13/2015,0.54
4/14/2015,0.53
4/15/2015,0.53
4/16/2015,0.51
4/17/2015,0.62
4/20/2015,0.52
4/21/2015,0.53
4/22/2015,0.59
4/23/2015,0.53
4/24/2015,0.52
4/27/2015,0.52
4/28/2015,0.52
4/29/2015,0.58
4/30/2015,0.53
5/1/2015,0.53
5/4/2015,0.53
5/5/2015,0.6
5/6/2015,0.53
5/7/2015,0.54
5/8/2015,0.54
5/11/2015,0.54
5/12/2015,0.52
5/13/2015,0.55
5/14/2015,0.56
5/15/2015,0.55
5/18/2015,0.56
5/19/2015,0.55
5/20/2015,0.55
5/21/2015,0.55
5/22/2015,0.58
5/25/2015,0.58
5/26/2015,0.57
5/27/2015,0.57
5/28/2015,0.55
5/29/2015,0.55
6/1/2015,0.55
6/2/2015,0.55
6/3/2015,0.55
6/4/2015,0.53
6/5/2015,0.53
6/8/2015,0.55
6/9/2015,0.54
6/10/2015,0.54
6/11/2015,0.54
6/12/2015,0.54
6/15/2015,0.52
6/16/2015,0.45
6/17/2015,0.49
6/18/2015,0.48
6/19/2015,0.5
6/22/2015,0.49
6/23/2015,0.5
6/24/2015,0.49
6/25/2015,0.48
6/26/2015,0.47
6/29/2015,0.5
6/30/2015,0.5
7/1/2015,0.5
7/2/2015,0.5
7/3/2015,0.51
7/6/2015,0.52
7/7/2015,0.51
7/8/2015,0.51
7/9/2015,0.52
7/10/2015,0.52
7/13/2015,0.52
7/14/2015,0.52
7/15/2015,0.53
7/16/2015,0.45
7/17/2015,0.45
7/20/2015,0.52
7/21/2015,0.49
7/22/2015,0.5
7/23/2015,0.49
7/24/2015,0.5
7/27/2015,0.51
7/28/2015,0.49
7/29/2015,0.48
7/30/2015,0.48
7/31/2015,0.48
8/3/2015,0.5
8/4/2015,0.51
8/5/2015,0.51
8/6/2015,0.52
8/7/2015,0.48
8/10/2015,0.49
8/11/2015,0.51
8/12/2015,0.5
8/13/2015,0.54
8/14/2015,0.54
8/17/2015,0.49
8/18/2015,0.49
8/19/2015,0.5
8/20/2015,0.49
8/21/2015,0.49
8/24/2015,0.47
8/25/2015,0.5
8/26/2015,0.49
8/27/2015,0.49
8/28/2015,0.49
8/31/2015,0.45
9/1/2015,0.48
9/2/2015,0.49
9/3/2015,0.49
9/4/2015,0.49
9/7/2015,0.47
9/8/2015,0.47
9/9/2015,0.48
9/10/2015,0.47
9/11/2015,0.47
9/14/2015,0.49
9/15/2015,0.5
9/16/2015,0.49
9/17/2015,0.48
9/18/2015,0.48
9/21/2015,0.47
9/22/2015,0.55
9/23/2015,0.54
9/24/2015,0.5
9/25/2015,0.49
9/28/2015,0.48
9/29/2015,0.45
9/30/2015,0.46
10/1/2015,0.47
10/2/2015,0.47
10/5/2015,0.49
10/6/2015,0.48
10/7/2015,0.48
10/8/2015,0.48
10/9/2015,0.49
10/12/2015,0.49
10/13/2015,0.5
10/14/2015,0.5
10/15/2015,0.51
10/16/2015,0.51
10/19/2015,0.51
10/20/2015,0.51
10/21/2015,0.51
10/22/2015,0.54
10/23/2015,0.54
10/26/2015,0.5
10/27/2015,0.49
10/28/2015,0.49
10/29/2015,0.48
10/30/2015,0.46
11/2/2015,0.48
11/3/2015,0.5
11/4/2015,0.52
11/5/2015,0.51
11/6/2015,0.51
11/9/2015,0.51
11/10/2015,0.45
11/11/2015,0.45
11/12/2015,0.49
11/13/2015,0.5
11/16/2015,0.52
11/17/2015,0.51
11/18/2015,0.48
11/19/2015,0.48
11/20/2015,0.49
11/23/2015,0.49
11/24/2015,0.49
11/25/2015,0.48
11/26/2015,0.48
11/27/2015,0.46
11/30/2015,0.47
12/1/2015,0.45
12/2/2015,0.5
12/3/2015,0.5
12/4/2015,0.53
12/7/2015,0.53
12/8/2015,0.53
12/9/2015,0.51
12/10/2015,0.53
12/11/2015,0.54
12/14/2015,0.54
12/15/2015,0.51
12/16/2015,0.51
12/17/2015,0.5
12/18/2015,0.49
12/21/2015,0.49
12/22/2015,0.49
12/23/2015,0.6
12/24/2015,0.55
12/25/2015,0.48
12/28/2015,0.49
12/29/2015,0.5
12/30/2015,0.49
12/31/2015,0.4
1/1/2016,0.5
1/4/2016,0.47
1/5/2016,0.48
1/6/2016,0.49
1/7/2016,0.48
1/8/2016,0.48
1/11/2016,0.48
1/12/2016,0.48
1/13/2016,0.48
1/14/2016,0.48
1/15/2016,0.5
1/18/2016,0.48
1/19/2016,0.49
1/20/2016,0.49
1/21/2016,0.48
1/22/2016,0.48
1/25/2016,0.48
1/26/2016,0.47
1/27/2016,0.46
1/28/2016,0.47
1/29/2016,0.47
2/1/2016,0.47
2/2/2016,0.48
2/3/2016,0.48
2/4/2016,0.48
2/5/2016,0.48
2/8/2016,0.48
2/9/2016,0.48
2/10/2016,0.5
2/11/2016,0.48
2/12/2016,0.48
2/15/2016,0.48
2/16/2016,0.48
2/17/2016,0.49
2/18/2016,0.49
2/19/2016,0.48
2/22/2016,0.5
2/23/2016,0.48
2/24/2016,0.48
2/25/2016,0.48
2/26/2016,0.5
2/29/2016,0.48
3/1/2016,0.5
3/2/2016,0.48
3/3/2016,0.5
3/4/2016,0.48
3/7/2016,0.5
3/8/2016,0.48
3/9/2016,0.48
3/10/2016,0.48
3/11/2016,0.5
3/14/2016,0.5
3/15/2016,0.48
3/16/2016,0.48
3/17/2016,0.48
3/18/2016,0.48
3/21/2016,0.48
3/22/2016,0.48
3/23/2016,0.48
3/24/2016,0.49
3/25/2016,0.5
3/28/2016,0.5
3/29/2016,0.49
3/30/2016,0.49
3/31/2016,0.49
4/1/2016,0.49
4/4/2016,0.51
4/5/2016,0.5
4/6/2016,0.5
4/7/2016,0.5
4/8/2016,0.5
4/11/2016,0.5
4/12/2016,0.5
4/13/2016,0.5
4/14/2016,0.5
4/15/2016,0.5
4/18/2016,0.5
4/19/2016,0.5
4/20/2016,0.5
4/21/2016,0.51
4/22/2016,0.51
4/25/2016,0.5
4/26/2016,0.5
4/27/2016,0.5
4/28/2016,0.5
4/29/2016,0.5
5/2/2016,0.5
5/3/2016,0.5
5/4/2016,0.5
5/5/2016,0.51
5/6/2016,0.51
5/9/2016,0.5
5/10/2016,0.5
5/11/2016,0.51
5/12/2016,0.5
5/13/2016,0.51
5/16/2016,0.45
5/17/2016,0.51
5/18/2016,0.51
5/19/2016,0.5
5/20/2016,0.51
5/23/2016,0.5
5/24/2016,0.51
5/25/2016,0.5
5/26/2016,0.5
5/27/2016,0.51
5/30/2016,0.51
5/31/2016,0.52
6/1/2016,0.51
6/2/2016,0.5
6/3/2016,0.5
6/6/2016,0.51
6/7/2016,0.51
6/8/2016,0.5
6/9/2016,0.5
6/10/2016,0.5
6/13/2016,0.5
6/14/2016,0.5
6/15/2016,0.5
6/16/2016,0.5
6/17/2016,0.5
6/20/2016,0.5
6/21/2016,0.6
6/22/2016,0.7
6/23/2016,0.5
6/24/2016,0.5
6/27/2016,0.45
6/28/2016,0.5
6/29/2016,0.5
6/30/2016,0.5
7/1/2016,0.45
7/4/2016,0.45
7/5/2016,0.45
7/6/2016,0.45
7/7/2016,0.45
7/8/2016,0.4
7/11/2016,0.4
7/12/2016,0.45
7/13/2016,0.4
7/14/2016,0.45
7/15/2016,0.55
7/18/2016,0.55
7/19/2016,0.55
7/20/2016,0.55
7/21/2016,0.6
7/22/2016,0.48
7/25/2016,0.48
7/26/2016,0.5
7/27/2016,0.5
7/28/2016,0.5
7/29/2016,0.5
8/1/2016,0.43
8/2/2016,0.44
8/3/2016,0.44
8/4/2016,0.23
8/5/2016,0.25
8/8/2016,0.28
8/9/2016,0.28
8/10/2016,0.28
8/11/2016,0.28
8/12/2016,0.28
8/15/2016,0.28
8/16/2016,0.28
8/17/2016,0.28
8/18/2016,0.28
8/19/2016,0.2
8/22/2016,0.26
8/23/2016,0.27
8/24/2016,0.28
8/25/2016,0.28
8/26/2016,0.28
8/29/2016,0.28
8/30/2016,0.28
8/31/2016,0.26
9/1/2016,0.26
9/2/2016,0.26
9/5/2016,0.26
9/6/2016,0.2
9/7/2016,0.28
9/8/2016,0.28
9/9/2016,0.2
9/12/2016,0.2
9/13/2016,0.32
9/14/2016,0.32
9/15/2016,0.32
9/16/2016,0.32
9/19/2016,0.33
9/20/2016,0.33
9/21/2016,0.38
9/22/2016,0.38
9/23/2016,0.38
9/26/2016,0.33
9/27/2016,0.2
9/28/2016,0.2
9/29/2016,0.2
9/30/2016,0.4
10/3/2016,0.38
10/4/2016,0.38
10/5/2016,0.38
10/6/2016,0.38
10/7/2016,0.38
10/10/2016,0.38
10/11/2016,0.39
10/12/2016,0.39
10/13/2016,0.34
10/14/2016,0.33
10/17/2016,0.34
10/18/2016,0.33
10/19/2016,0.33
10/20/2016,0.33
10/21/2016,0.33
10/24/2016,0.3
10/25/2016,0.3
10/26/2016,0.28
10/27/2016,0.28
10/28/2016,0.28
10/31/2016,0.28
11/1/2016,0.28
11/2/2016,0.28
11/3/2016,0.28
11/4/2016,0.28
11/7/2016,0.28
11/8/2016,0.3
11/9/2016,0.28
11/10/2016,0.28
11/11/2016,0.28
11/14/2016,0.28
11/15/2016,0.28
11/16/2016,0.28
11/17/2016,0.28
11/18/2016,0.28
11/21/2016,0.28
11/22/2016,0.31
11/23/2016,0.31
11/24/2016,0.31
11/25/2016,0.29
11/28/2016,0.3
11/29/2016,0.3
11/30/2016,0.3
12/1/2016,0.3
12/2/2016,0.3
12/5/2016,0.3
12/6/2016,0.3
12/7/2016,0.3
12/8/2016,0.32
12/9/2016,0.33
12/12/2016,0.33
12/13/2016,0.33
12/14/2016,0.33
12/15/2016,0.33
12/16/2016,0.35
12/19/2016,0.36
12/20/2016,0.36
12/21/2016,0.37
12/22/2016,0.46
12/23/2016,0.48
12/26/2016,0.23
12/27/2016,0.48
12/28/2016,0.5
12/29/2016,0.5
12/30/2016,0.5
1/2/2017,0.3
1/3/2017,0.25
1/4/2017,0.25
1/5/2017,0.25
1/6/2017,0.23
1/9/2017,0.23
1/10/2017,0.25
1/11/2017,0.25
1/12/2017,0.25
1/13/2017,0.24
1/16/2017,0.25
1/17/2017,0.25
1/18/2017,0.25
1/19/2017,0.25
1/20/2017,0.25
1/23/2017,0.25
1/24/2017,0.25
1/25/2017,0.25
1/26/2017,0.25
1/27/2017,0.26
1/30/2017,0.27
1/31/2017,0.25
2/1/2017,0.25
2/2/2017,0.25
2/3/2017,0.27
2/6/2017,0.26
2/7/2017,0.26
2/8/2017,0.25
2/9/2017,0.25
2/10/2017,0.26
2/13/2017,0.27
2/14/2017,0.27
2/15/2017,0.27
2/16/2017,0.27
2/17/2017,0.23
2/20/2017,0.26
2/21/2017,0.27
2/22/2017,0.26
2/23/2017,0.26
2/24/2017,0.26
2/27/2017,0.26
2/28/2017,0.26
3/1/2017,0.2
3/2/2017,0.26
3/3/2017,0.26
3/6/2017,0.26
3/7/2017,0.26
3/8/2017,0.27
3/9/2017,0.2
3/10/2017,0.2
3/13/2017,0.2
3/14/2017,0.26
3/15/2017,0.26
3/16/2017,0.26
3/17/2017,0.26
3/20/2017,0.2
3/21/2017,0.26
3/22/2017,0.26
3/23/2017,0.35
3/24/2017,0.28
3/27/2017,0.28
3/28/2017,0.3
3/29/2017,0.31
3/30/2017,0.29
3/31/2017,0.3
4/3/2017,0.27
4/4/2017,0.26
4/5/2017,0.23
4/6/2017,0.23
4/7/2017,0.23
4/10/2017,0.23
4/11/2017,0.23
4/12/2017,0.27
4/13/2017,0.27
4/14/2017,0.2
4/17/2017,0.25
4/18/2017,0.29
4/19/2017,0.28
4/20/2017,0.31
4/21/2017,0.32
4/24/2017,0.26
4/25/2017,0.25
4/26/2017,0.25
4/27/2017,0.25
4/28/2017,0.25
5/1/2017,0.25
5/2/2017,0.27
5/3/2017,0.26
5/4/2017,0.26
5/5/2017,0.26
5/8/2017,0.27
5/9/2017,0.27
5/10/2017,0.2
5/11/2017,0.27
5/12/2017,0.27
5/15/2017,0.27
5/16/2017,0.26
5/17/2017,0.26
5/18/2017,0.26
5/19/2017,0.27
5/22/2017,0.27
5/23/2017,0.27
5/24/2017,0.27
5/25/2017,0.28
5/26/2017,0.27
5/29/2017,0.28
5/30/2017,0.28
5/31/2017,0.28
6/1/2017,0.28
6/2/2017,0.27
6/5/2017,0.2
6/6/2017,0.27
6/7/2017,0.27
6/8/2017,0.27
6/9/2017,0.27
6/12/2017,0.25
6/13/2017,0.25
6/14/2017,0.25
6/15/2017,0.26
6/16/2017,0.25
6/19/2017,0.24
6/20/2017,0.24
6/21/2017,0.23
6/22/2017,0.2
6/23/2017,0.36
6/26/2017,0.33
6/27/2017,0.28
6/28/2017,0.28
6/29/2017,0.27
6/30/2017,0.25
7/3/2017,0.26
7/4/2017,0.25
7/5/2017,0.25
7/6/2017,0.25
7/7/2017,0.25
7/10/2017,0.25
7/11/2017,0.25
7/12/2017,0.24
7/13/2017,0.25
7/14/2017,0.25
7/17/2017,0.25
7/18/2017,0.25
7/19/2017,0.25
7/20/2017,0.25
7/21/2017,0.25
7/24/2017,0.25
7/25/2017,0.25
7/26/2017,0.25
7/27/2017,0.25
7/28/2017,0.22
7/31/2017,0.22
8/1/2017,0.25
8/2/2017,0.22
8/3/2017,0.22
8/4/2017,0.22
8/7/2017,0.21
8/8/2017,0.22
8/9/2017,0.21
8/10/2017,0.21
8/11/2017,0.22
8/14/2017,0.21
8/15/2017,0.22
8/16/2017,0.21
8/17/2017,0.23
8/18/2017,0.22
8/21/2017,0.22
8/22/2017,0.24
8/23/2017,0.23
8/24/2017,0.22
8/25/2017,0.22
8/28/2017,0.2
8/29/2017,0.2
8/30/2017,0.21
8/31/2017,0.22
9/1/2017,0.22
9/4/2017,0.25
9/5/2017,0.25
9/6/2017,0.25
9/7/2017,0.25
9/8/2017,0.24
9/11/2017,0.25
9/12/2017,0.22
9/13/2017,0.22
9/14/2017,0.25
9/15/2017,0.31
9/18/2017,0.31
9/19/2017,0.27
9/20/2017,0.27
9/21/2017,0.28
9/22/2017,0.28
9/25/2017,0.28
9/26/2017,0.28
9/27/2017,0.24
9/28/2017,0.27
9/29/2017,0.27
10/2/2017,0.27
10/3/2017,0.24
10/4/2017,0.25
10/5/2017,0.25
10/6/2017,0.25
10/9/2017,0.25
10/10/2017,0.25
10/11/2017,0.25
10/12/2017,0.25
10/13/2017,0.25
10/16/2017,0.25
10/17/2017,0.25
10/18/2017,0.22
10/19/2017,0.21
10/20/2017,0.31
10/23/2017,0.31
10/24/2017,0.31
10/25/2017,0.31
10/26/2017,0.3
10/27/2017,0.3
10/30/2017,0.31
10/31/2017,0.41
11/1/2017,0.39
11/2/2017,0.45
11/3/2017,0.45
11/6/2017,0.45
11/7/2017,0.5
11/8/2017,0.51
11/9/2017,0.51
11/10/2017,0.5
11/13/2017,0.48
11/14/2017,0.5
11/15/2017,0.5
11/16/2017,0.5
11/17/2017,0.48
11/20/2017,0.51
11/21/2017,0.51
11/22/2017,0.51
11/23/2017,0.51
11/24/2017,0.5
11/27/2017,0.5
11/28/2017,0.5
11/29/2017,0.51
11/30/2017,0.5
12/1/2017,0.5
12/4/2017,0.5
12/5/2017,0.5
12/6/2017,0.5
12/7/2017,0.5
12/8/2017,0.5
12/11/2017,0.5
12/12/2017,0.51
12/13/2017,0.51
12/14/2017,0.48
12/15/2017,0.48
12/18/2017,0.51
12/19/2017,0.44
12/20/2017,0.43
12/21/2017,0.48
12/22/2017,0.48
12/25/2017,0.48
12/26/2017,0.48
12/27/2017,0.48
12/28/2017,0.48
12/29/2017,0.5
1/1/2018,0.5
1/2/2018,0.48
1/3/2018,0.48
1/4/2018,0.48
1/5/2018,0.5
1/8/2018,0.48
1/9/2018,0.49
1/10/2018,0.49
1/11/2018,0.48
1/12/2018,0.48
1/15/2018,0.48
1/16/2018,0.48
1/17/2018,0.49
1/18/2018,0.48
1/19/2018,0.48
1/22/2018,0.48
1/23/2018,0.48
1/24/2018,0.49
1/25/2018,0.48
1/26/2018,0.48
1/29/2018,0.48
1/30/2018,0.49
1/31/2018,0.49
2/1/2018,0.49
2/2/2018,0.48
2/5/2018,0.48
2/6/2018,0.49
2/7/2018,0.48
2/8/2018,0.48
2/9/2018,0.48
2/12/2018,0.48
2/13/2018,0.48
2/14/2018,0.48
2/15/2018,0.48
2/16/2018,0.48
2/19/2018,0.48
2/20/2018,0.49
2/21/2018,0.48
2/22/2018,0.49
2/23/2018,0.48
2/26/2018,0.49
2/27/2018,0.49
2/28/2018,0.49
3/1/2018,0.49
3/2/2018,0.48
3/5/2018,0.48
3/6/2018,0.48
3/7/2018,0.49
3/8/2018,0.49
3/9/2018,0.48
3/12/2018,0.49
3/13/2018,0.49
3/14/2018,0.49
3/15/2018,0.48
3/16/2018,0.49
3/19/2018,0.49
3/20/2018,0.48
3/21/2018,0.49
3/22/2018,0.49
3/23/2018,0.48
3/26/2018,0.48
3/27/2018,0.48
3/28/2018,0.49
3/29/2018,0.49
3/30/2018,0.48
4/2/2018,0.49
4/3/2018,0.49
4/4/2018,0.48
4/5/2018,0.48
4/6/2018,0.48
4/9/2018,0.48
4/10/2018,0.48
4/11/2018,0.49
4/12/2018,0.49
4/13/2018,0.5
4/16/2018,0.49
4/17/2018,0.48
4/18/2018,0.48
4/19/2018,0.49
4/20/2018,0.49
4/23/2018,0.48
4/24/2018,0.5
4/25/2018,0.49
4/26/2018,0.49
4/27/2018,0.5
4/30/2018,0.49
5/1/2018,0.5
5/2/2018,0.49
5/3/2018,0.49
5/4/2018,0.5
5/7/2018,0.5
5/8/2018,0.49
5/9/2018,0.49
5/10/2018,0.49
5/11/2018,0.5
5/14/2018,0.5
5/15/2018,0.49
5/16/2018,0.48
5/17/2018,0.48
5/18/2018,0.5
5/21/2018,0.5
5/22/2018,0.49
5/23/2018,0.48
5/24/2018,0.48
5/25/2018,0.5
5/28/2018,0.5
5/29/2018,0.5
5/30/2018,0.5
5/31/2018,0.49
6/1/2018,0.49
6/4/2018,0.49
6/5/2018,0.48
6/6/2018,0.5
6/7/2018,0.5
6/8/2018,0.5
6/11/2018,0.49
6/12/2018,0.49
6/13/2018,0.49
6/14/2018,0.5
6/15/2018,0.5
6/18/2018,0.49
6/19/2018,0.49
6/20/2018,0.5
6/21/2018,0.5
6/22/2018,0.5
6/25/2018,0.48
6/26/2018,0.48
6/27/2018,0.48
6/28/2018,0.48
6/29/2018,0.5
7/2/2018,0.5
7/3/2018,0.51
7/4/2018,0.51
7/5/2018,0.51
7/6/2018,0.51
7/9/2018,0.51
7/10/2018,0.51
7/11/2018,0.51
7/12/2018,0.51
7/13/2018,0.51
7/16/2018,0.51
7/17/2018,0.51
7/18/2018,0.51
7/19/2018,0.51
7/20/2018,0.51
7/23/2018,0.51
7/24/2018,0.48
7/25/2018,0.52
7/26/2018,0.52
7/27/2018,0.52
7/30/2018,0.64
7/31/2018,0.68
8/1/2018,0.68
8/2/2018,0.75
8/3/2018,0.75
8/6/2018,0.75
8/7/2018,0.75
8/8/2018,0.75
8/9/2018,0.75
8/10/2018,0.75
8/13/2018,0.75
8/14/2018,0.71
8/15/2018,0.75
8/16/2018,0.71
8/17/2018,0.71
8/20/2018,0.71
8/21/2018,0.71
8/22/2018,0.71
8/23/2018,0.71
8/24/2018,0.71
8/27/2018,0.75
8/28/2018,0.72
8/29/2018,0.72
8/30/2018,0.71
8/31/2018,0.71
9/3/2018,0.71
9/4/2018,0.71
9/5/2018,0.71
9/6/2018,0.71
9/7/2018,0.71
9/10/2018,0.71
9/11/2018,0.71
9/12/2018,0.71
9/13/2018,0.71
9/14/2018,0.75
9/17/2018,0.72
9/18/2018,0.72
9/19/2018,0.71
9/20/2018,0.75
9/21/2018,0.71
9/24/2018,0.71
9/25/2018,0.74
9/26/2018,0.74
9/27/2018,0.75
9/28/2018,0.71
10/1/2018,0.71
10/2/2018,0.71
10/3/2018,0.71
10/4/2018,0.71
10/5/2018,0.71
10/8/2018,0.76
10/9/2018,0.71
10/10/2018,0.76
10/11/2018,0.71
10/12/2018,0.71
10/15/2018,0.76
10/16/2018,0.71
10/17/2018,0.71
10/18/2018,0.71
10/19/2018,0.71
10/22/2018,0.76
10/23/2018,0.71
10/24/2018,0.71
10/25/2018,0.71
10/26/2018,0.71
10/29/2018,0.76
10/30/2018,0.71
10/31/2018,0.71
11/1/2018,0.72
11/2/2018,0.76
11/5/2018,0.71
11/6/2018,0.71
11/7/2018,0.71
11/8/2018,0.72
11/9/2018,0.76
11/12/2018,0.76
11/13/2018,0.71
11/14/2018,0.76
11/15/2018,0.71
11/16/2018,0.76
11/19/2018,0.71
11/20/2018,0.71
11/21/2018,0.71
11/22/2018,0.71
11/23/2018,0.71
11/26/2018,0.71
11/27/2018,0.71
11/28/2018,0.71
11/29/2018,0.71
11/30/2018,0.76
12/3/2018,0.76
12/4/2018,0.71
12/5/2018,0.71
12/6/2018,0.71
12/7/2018,0.71
12/10/2018,0.71
12/11/2018,0.7
12/12/2018,0.7
12/13/2018,0.7
12/14/2018,0.76
12/17/2018,0.76
12/18/2018,0.75
12/19/2018,0.75
12/20/2018,0.75
12/21/2018,0.75
12/24/2018,0.75
12/25/2018,0.75
12/26/2018,0.75
12/27/2018,0.71
12/28/2018,0.75
12/31/2018,0.75
1/1/2019,0.75
1/2/2019,0.71
1/3/2019,0.75
1/4/2019,0.75
1/7/2019,0.71
1/8/2019,0.7
1/9/2019,0.75
1/10/2019,0.75
1/11/2019,0.75
1/14/2019,0.75
1/15/2019,0.75
1/16/2019,0.75
1/17/2019,0.75
1/18/2019,0.75
1/21/2019,0.75
1/22/2019,0.75
1/23/2019,0.75
1/24/2019,0.75
1/25/2019,0.75
1/28/2019,0.75
1/29/2019,0.75
1/30/2019,0.75
1/31/2019,0.75
2/1/2019,0.75
2/4/2019,0.75
2/5/2019,0.75
2/6/2019,0.75
2/7/2019,0.75
2/8/2019,0.75
2/11/2019,0.75
2/12/2019,0.75
2/13/2019,0.75
2/14/2019,0.75
2/15/2019,0.75
2/18/2019,0.75
2/19/2019,0.75
2/20/2019,0.75
2/21/2019,0.75
2/22/2019,0.75
2/25/2019,0.75
2/26/2019,0.75
2/27/2019,0.75
2/28/2019,0.75
3/1/2019,0.75
3/4/2019,0.75
3/5/2019,0.75
3/6/2019,0.75
3/7/2019,0.75
3/8/2019,0.75
3/11/2019,0.75
3/12/2019,0.75
3/13/2019,0.75
3/14/2019,0.75
3/15/2019,0.75
3/18/2019,0.75
3/19/2019,0.75
3/20/2019,0.77
3/21/2019,0.77
3/22/2019,0.77
3/25/2019,0.77
3/26/2019,0.77
3/27/2019,0.77
3/28/2019,0.77
3/29/2019,0.77
4/1/2019,0.77
4/2/2019,0.77
4/3/2019,0.77
4/4/2019,0.77
4/5/2019,0.77
4/8/2019,0.77
4/9/2019,0.77
4/10/2019,0.77
4/11/2019,0.77
4/12/2019,0.77
4/15/2019,0.77
4/16/2019,0.77
4/17/2019,0.77
4/18/2019,0.77
4/19/2019,0.77
4/22/2019,0.77
4/23/2019,0.77
4/24/2019,0.77
4/25/2019,0.77
4/26/2019,0.77
4/29/2019,0.77
4/30/2019,0.77
5/1/2019,0.77
5/2/2019,0.77
5/3/2019,0.77
5/6/2019,0.77
5/7/2019,0.77
5/8/2019,0.77
5/9/2019,0.77
5/10/2019,0.77
5/13/2019,0.77
5/14/2019,0.77
5/15/2019,0.77
5/16/2019,0.71
5/17/2019,0.77
5/20/2019,0.77
5/21/2019,0.77
5/22/2019,0.77
5/23/2019,0.77
5/24/2019,0.75
5/27/2019,0.75
5/28/2019,0.75
5/29/2019,0.75
5/30/2019,0.75
5/31/2019,0.75
6/3/2019,0.75
6/4/2019,0.75
6/5/2019,0.75
6/6/2019,0.75
6/7/2019,0.75
6/10/2019,0.75
6/11/2019,0.75
6/12/2019,0.75
6/13/2019,0.75
6/14/2019,0.75
6/17/2019,0.75
6/18/2019,0.75
6/19/2019,0.75
6/20/2019,0.75
6/21/2019,0.75
6/24/2019,0.75
6/25/2019,0.75
6/26/2019,0.71
6/27/2019,0.71
6/28/2019,0.71
7/1/2019,0.7
7/2/2019,0.71
7/3/2019,0.75
7/4/2019,0.75
7/5/2019,0.75
7/8/2019,0.75
7/9/2019,0.75
7/10/2019,0.75
7/11/2019,0.75
7/12/2019,0.75
7/15/2019,0.75
7/16/2019,0.73
7/17/2019,0.75
7/18/2019,0.75
7/19/2019,0.75
7/22/2019,0.75
7/23/2019,0.75
7/24/2019,0.75
7/25/2019,0.75
7/26/2019,0.75
7/29/2019,0.75
7/30/2019,0.75
7/31/2019,0.75
8/1/2019,0.75
8/2/2019,0.75
8/5/2019,0.75
8/6/2019,0.75
8/7/2019,0.78
8/8/2019,0.78
8/9/2019,0.78
8/12/2019,0.78
8/13/2019,0.78
8/14/2019,0.78
8/15/2019,0.78
8/16/2019,0.78
8/19/2019,0.78
8/20/2019,0.78
8/21/2019,0.78
8/22/2019,0.78
8/23/2019,0.78
8/26/2019,0.78
8/27/2019,0.78
8/28/2019,0.78
8/29/2019,0.78
8/30/2019,0.78
9/2/2019,0.78
9/3/2019,0.78
9/4/2019,0.78
9/5/2019,0.78
9/6/2019,0.78
9/9/2019,0.78
9/10/2019,0.78
9/11/2019,0.78
9/12/2019,0.78
9/13/2019,0.78
9/16/2019,0.78
9/17/2019,0.78
9/18/2019,0.78
9/19/2019,0.78
9/20/2019,0.78
9/23/2019,0.78
9/24/2019,0.78
9/25/2019,0.78
9/26/2019,0.78
9/27/2019,0.78
9/30/2019,0.78
10/1/2019,0.78
10/2/2019,0.78
10/3/2019,0.78
10/4/2019,0.78
10/7/2019,0.78
10/8/2019,0.78
10/9/2019,0.78
10/10/2019,0.78
10/11/2019,0.78
10/14/2019,0.78
10/15/2019,0.78
10/16/2019,0.78
10/17/2019,0.78
10/18/2019,0.78
10/21/2019,0.78
10/22/2019,0.78
10/23/2019,0.78
10/24/2019,0.78
10/25/2019,0.78
10/28/2019,0.78
10/29/2019,0.78
10/30/2019,0.78
10/31/2019,0.78
11/1/2019,0.78
11/4/2019,0.78
11/5/2019,0.78
11/6/2019,0.78
11/7/2019,0.78
11/8/2019,0.78
11/11/2019,0.78
11/12/2019,0.78
11/13/2019,0.78
11/14/2019,0.78
11/15/2019,0.78
11/18/2019,0.78
11/19/2019,0.78
11/20/2019,0.78
11/21/2019,0.78
11/22/2019,0.78
11/25/2019,0.78
11/26/2019,0.78
11/27/2019,0.78
11/28/2019,0.78
11/29/2019,0.78
12/2/2019,0.78
12/3/2019,0.78
12/4/2019,0.78
12/5/2019,0.78
12/6/2019,0.78
12/9/2019,0.78
12/10/2019,0.78
12/11/2019,0.78
12/12/2019,0.78
12/13/2019,0.78
12/16/2019,0.78
12/17/2019,0.78
12/18/2019,0.78
12/19/2019,0.78
12/20/2019,0.78
12/23/2019,0.78
12/24/2019,0.78
12/25/2019,0.78
12/26/2019,0.78
12/27/2019,0.88
12/30/2019,0.71
12/31/2019,0.78
1/1/2020,0.78
1/2/2020,0.78
1/3/2020,0.78
1/6/2020,0.78
1/7/2020,0.78
1/8/2020,0.78
1/9/2020,0.78
1/10/2020,0.78
1/13/2020,0.78
1/14/2020,0.78
1/15/2020,0.78
1/16/2020,0.78
1/17/2020,0.78
1/20/2020,0.78
1/21/2020,0.78
1/22/2020,0.78
1/23/2020,0.78
1/24/2020,0.78
1/27/2020,0.73
1/28/2020,0.73
1/29/2020,0.73
1/30/2020,0.73
1/31/2020,0.73
2/3/2020,0.73
2/4/2020,0.76
2/5/2020,0.76
2/6/2020,0.76
2/7/2020,0.76
2/10/2020,0.76
2/11/2020,0.76
2/12/2020,0.76
2/13/2020,0.76
2/14/2020,0.76
2/17/2020,0.76
2/18/2020,0.76
2/19/2020,0.76
2/20/2020,0.76
2/21/2020,0.76
2/24/2020,0.76
2/25/2020,0.76
2/26/2020,0.76
2/27/2020,0.76
2/28/2020,0.76
3/2/2020,0.73
3/3/2020,0.73
3/4/2020,0.73
3/5/2020,0.73
3/6/2020,0.7
3/9/2020,0.7
3/10/2020,0.7
3/11/2020,0.33
3/12/2020,0.33
3/13/2020,0.33
3/16/2020,0.6
3/17/2020,0.6
3/18/2020,0.6
3/19/2020,0.53
3/20/2020,0.34
3/23/2020,0.34
3/24/2020,0.42
3/25/2020,0.42
3/26/2020,0.42
3/27/2020,0.42
3/30/2020,0.27
3/31/2020,0.27
4/1/2020,0.19
4/2/2020,0.19
4/3/2020,0.19
4/6/2020,0.19
4/7/2020,0.19
4/8/2020,0.19
4/9/2020,0.19
4/10/2020,0.19
4/13/2020,0.19
4/14/2020,0.19
4/15/2020,0.19
4/16/2020,0.19
4/17/2020,0.19
4/20/2020,0.19
4/21/2020,0.19
4/22/2020,0.19
4/23/2020,0.19
4/24/2020,0.19
4/27/2020,0.19
4/28/2020,0.19
4/29/2020,0.19
4/30/2020,0.19
5/1/2020,0.19
5/4/2020,0.19
5/5/2020,0.19
5/6/2020,0.17
5/7/2020,0.17
5/8/2020,0.17
5/11/2020,0.17
5/12/2020,0.17
5/13/2020,0.17
5/14/2020,0.17
5/15/2020,0.17
5/18/2020,0.17
5/19/2020,0.17
5/20/2020,0.17
5/21/2020,0.17
5/22/2020,0.17
5/25/2020,0.17
5/26/2020,0.13
5/27/2020,0.13
5/28/2020,0.13
5/29/2020,0.13
6/1/2020,0.13
6/2/2020,0.13
6/3/2020,0.13
6/4/2020,0.13
6/5/2020,0.13
6/8/2020,0.13
6/9/2020,0.13
6/10/2020,0.13
6/11/2020,0.13
6/12/2020,0.1
6/15/2020,0.1
6/16/2020,0.1
6/17/2020,0.1
6/18/2020,0.1
6/19/2020,0.1
6/22/2020,0.1
6/23/2020,0.1
6/24/2020,0.1
6/25/2020,0.1
6/26/2020,0.1
6/29/2020,0.1
6/30/2020,0.1
7/1/2020,0.1
7/2/2020,0.1
7/3/2020,0.1
7/6/2020,0.1
7/7/2020,0.1
7/8/2020,0.1
7/9/2020,0.1
7/10/2020,0.1
7/13/2020,0.1
7/14/2020,0.1
7/15/2020,0.1
7/16/2020,0.1
7/17/2020,0.1
7/20/2020,0.1
7/21/2020,0.1
7/22/2020,0.1
7/23/2020,0.1
7/24/2020,0.1
7/27/2020,0.1
7/28/2020,0.1
7/29/2020,0.1
7/30/2020,0.1
7/31/2020,0.1
8/3/2020,0.1
8/4/2020,0.1
8/5/2020,0.1
8/6/2020,0.1
8/7/2020,0.1
8/10/2020,0.1
8/11/2020,0.1
8/12/2020,0.1
8/13/2020,0.1
8/14/2020,0.1
8/17/2020,0.1
8/18/2020,0.1
8/19/2020,0.1
8/20/2020,0.1
8/21/2020,0.1
8/24/2020,0.1
8/25/2020,0.1
8/26/2020,0.1
8/27/2020,0.1
8/28/2020,0.1
8/31/2020,0.1
9/1/2020,0.1
9/2/2020,0.1
9/3/2020,0.1
9/4/2020,0.1
9/7/2020,0.1
9/8/2020,0.1
9/9/2020,0.1
9/10/2020,0.1
9/11/2020,0.1
9/14/2020,0.1
9/15/2020,0.1
9/16/2020,0.1
9/17/2020,0.1
9/18/2020,0.1
9/21/2020,0.1
9/22/2020,0.1
9/23/2020,0.1
9/24/2020,0.1
9/25/2020,0.1
9/28/2020,0.1
9/29/2020,0.1
9/30/2020,0.1
10/1/2020,0.1
10/2/2020,0.1
10/5/2020,0.1
10/6/2020,0.1
10/7/2020,0.1
10/8/2020,0.1
10/9/2020,0.1
10/12/2020,0.1
10/13/2020,0.1
10/14/2020,0.1
10/15/2020,0.1
10/16/2020,0.1
10/19/2020,0.1
10/20/2020,0.1
10/21/2020,0.1
10/22/2020,0.1
10/23/2020,0.1
10/26/2020,0.1
10/27/2020,0.1
10/28/2020,0.1
10/29/2020,0.1
10/30/2020,0.1
11/2/2020,0.1
11/3/2020,0.1
11/4/2020,0.1
11/5/2020,0.1
11/6/2020,0.1
11/9/2020,0.1
11/10/2020,0.1
11/11/2020,0.1
11/12/2020,0.1
11/13/2020,0.1
11/16/2020,0.1
11/17/2020,0.1
11/18/2020,0.1
11/19/2020,0.1
11/20/2020,0.1
11/23/2020,0.1
11/24/2020,0.1
11/25/2020,0.1
11/26/2020,0.1
11/27/2020,0.1
11/30/2020,0.1
12/1/2020,0.1
12/2/2020,0.1
12/3/2020,0.1
12/4/2020,0.1
12/7/2020,0.1
12/8/2020,0.1
12/9/2020,0.1
12/10/2020,0.1
12/11/2020,0.1
12/14/2020,0.1
12/15/2020,0.1
12/16/2020,0.1
12/17/2020,0.1
12/18/2020,0.1
12/21/2020,0.1
12/22/2020,0.1
12/23/2020,0.1
12/24/2020,0.1
12/25/2020,0.1
12/28/2020,0.1
12/29/2020,0.13
12/30/2020,0.1
12/31/2020,0.1
1/1/2021,0.1
1/4/2021,0.1
1/5/2021,0.1
1/6/2021,0.1
1/7/2021,0.1
1/8/2021,0.1
1/11/2021,0.1
1/12/2021,0.1
1/13/2021,0.1
1/14/2021,0.1
1/15/2021,0.1
1/18/2021,0.1
1/19/2021,0.1
1/20/2021,0.1
1/21/2021,0.1
1/22/2021,0.1
1/25/2021,0.1
1/26/2021,0.1
1/27/2021,0.1
1/28/2021,0.1
1/29/2021,0.1
2/1/2021,0.1
2/2/2021,0.1
2/3/2021,0.1
2/4/2021,0.1
2/5/2021,0.1
2/8/2021,0.1
2/9/2021,0.1
2/10/2021,0.1
2/11/2021,0.1
2/12/2021,0.1
2/15/2021,0.1
2/16/2021,0.1
2/17/2021,0.1
2/18/2021,0.1
2/19/2021,0.1
2/22/2021,0.1
2/23/2021,0.1
2/24/2021,0.1
2/25/2021,0.1
2/26/2021,0.1
3/1/2021,0.1
3/2/2021,0.1
3/3/2021,0.1
3/4/2021,0.1
3/5/2021,0.1
3/8/2021,0.1
3/9/2021,0.1
3/10/2021,0.1
3/11/2021,0.1
3/12/2021,0.1
3/15/2021,0.1
3/16/2021,0.1
3/17/2021,0.1
3/18/2021,0.1
3/19/2021,0.1
3/22/2021,0.1
3/23/2021,0.1
3/24/2021,0.1
3/25/2021,0.1
3/26/2021,0.1
3/29/2021,0.1
3/30/2021,0.1
3/31/2021,0.1
4/1/2021,0.1
4/2/2021,0.1
4/5/2021,0.1
4/6/2021,0.1
4/7/2021,0.1
4/8/2021,0.1
4/9/2021,0.1
4/12/2021,0.1
4/13/2021,0.1
4/14/2021,0.1
4/15/2021,0.1
4/16/2021,0.1
4/19/2021,0.1
4/20/2021,0.1
4/21/2021,0.1
4/22/2021,0.1
4/23/2021,0.1
4/26/2021,0.1
4/27/2021,0.1
4/28/2021,0.14
4/29/2021,0.1
4/30/2021,0.1
5/3/2021,0.1
5/4/2021,0.1
5/5/2021,0.1
5/6/2021,0.1
5/7/2021,0.1
5/10/2021,0.1
5/11/2021,0.1
5/12/2021,0.1
5/13/2021,0.1
5/14/2021,0.1
5/17/2021,0.1
5/18/2021,0.1
5/19/2021,0.1
5/20/2021,0.1
5/21/2021,0.1
5/24/2021,0.1
5/25/2021,0.1
5/26/2021,0.1
5/27/2021,0.1
5/28/2021,0.1
5/31/2021,0.1
6/1/2021,0.1
6/2/2021,0.1
6/3/2021,0.1
6/4/2021,0.1
6/7/2021,0.1
6/8/2021,0.1
6/9/2021,0.1
6/10/2021,0.1
6/11/2021,0.1
6/14/2021,0.1
6/15/2021,0.1
6/16/2021,0.1
6/17/2021,0.1
6/18/2021,0.1
6/21/2021,0.1
6/22/2021,0.1
6/23/2021,0.1
6/24/2021,0.1
6/25/2021,0.1
6/28/2021,0.1
6/29/2021,0.1
6/30/2021,0.1
7/1/2021,0.1
7/2/2021,0.1
7/5/2021,0.1
7/6/2021,0.09
7/7/2021,0.09
7/8/2021,0.09
7/9/2021,0.09
7/12/2021,0.09
7/13/2021,0.09
7/14/2021,0.09
7/15/2021,0.09
7/16/2021,0.09
7/19/2021,0.09
7/20/2021,0.09
7/21/2021,0.09
7/22/2021,0.09
7/23/2021,0.09
7/26/2021,0.09
7/27/2021,0.09
7/28/2021,0.09
7/29/2021,0.09
7/30/2021,0.09
8/2/2021,0.09
8/3/2021,0.09
8/4/2021,0.09
8/5/2021,0.09
8/6/2021,0.09
8/9/2021,0.1
8/10/2021,0.09
8/11/2021,0.09
8/12/2021,0.09
8/13/2021,0.09
8/16/2021,0.1
8/17/2021,0.09
8/18/2021,0.09
8/19/2021,0.09
8/20/2021,0.09
8/23/2021,0.09
8/24/2021,0.09
8/25/2021,0.09
8/26/2021,0.09
8/27/2021,0.09
8/30/2021,0.09
8/31/2021,0.09
9/1/2021,0.09
9/2/2021,0.09
9/3/2021,0.09
9/6/2021,0.1
9/7/2021,0.09
9/8/2021,0.09
9/9/2021,0.1
9/10/2021,0.09
9/13/2021,0.1
9/14/2021,0.1
9/15/2021,0.1
9/16/2021,0.09
9/17/2021,0.09
9/20/2021,0.1
9/21/2021,0.09
9/22/2021,0.09
9/23/2021,0.09
9/24/2021,0.09
9/27/2021,0.09
9/28/2021,0.09
9/29/2021,0.1
9/30/2021,0.09
10/1/2021,0.09
10/4/2021,0.09
10/5/2021,0.09
10/6/2021,0.09
10/7/2021,0.09
10/8/2021,0.09
10/11/2021,0.1
10/12/2021,0.1
10/13/2021,0.09
10/14/2021,0.09
10/15/2021,0.09
10/18/2021,0.09
10/19/2021,0.09
10/20/2021,0.09
10/21/2021,0.09
10/22/2021,0.09
10/25/2021,0.09
10/26/2021,0.09
10/27/2021,0.09
10/28/2021,0.12
10/29/2021,0.13
11/1/2021,0.14
11/2/2021,0.14
11/3/2021,0.14
11/4/2021,0.09
11/5/2021,0.09
11/8/2021,0.09
11/9/2021,0.09
11/10/2021,0.1
11/11/2021,0.09
11/12/2021,0.09
11/15/2021,0.09
11/16/2021,0.09
11/17/2021,0.09
11/18/2021,0.09
11/19/2021,0.09
11/22/2021,0.09
11/23/2021,0.09
11/24/2021,0.09
11/25/2021,0.09
11/26/2021,0.09
11/29/2021,0.1
11/30/2021,0.1
12/1/2021,0.1
12/2/2021,0.1
12/3/2021,0.09
12/6/2021,0.09
12/7/2021,0.09
12/8/2021,0.09
12/9/2021,0.09
12/10/2021,0.09
12/13/2021,0.09
12/14/2021,0.09
12/15/2021,0.09
12/16/2021,0.28
12/17/2021,0.25
12/20/2021,0.25
12/21/2021,0.25
12/22/2021,0.27
12/23/2021,0.3
12/24/2021,0.3
12/27/2021,0.3
12/28/2021,0.3
12/29/2021,0.3
12/30/2021,0.25
12/31/2021,0.25
1/3/2022,0.25
1/4/2022,0.25
1/5/2022,0.25
1/6/2022,0.25
1/7/2022,0.25
1/10/2022,0.25
1/11/2022,0.25
1/12/2022,0.25
1/13/2022,0.25
1/14/2022,0.25
1/17/2022,0.25
1/18/2022,0.25
1/19/2022,0.25
1/20/2022,0.25
1/21/2022,0.25
1/24/2022,0.26
1/25/2022,0.28
1/26/2022,0.27
1/27/2022,0.31
1/28/2022,0.31
1/31/2022,0.31
2/1/2022,0.4
2/2/2022,0.4
2/3/2022,0.5
2/4/2022,0.5
2/7/2022,0.5
2/8/2022,0.5
2/9/2022,0.5
2/10/2022,0.5
2/11/2022,0.5
2/14/2022,0.5
2/15/2022,0.5
2/16/2022,0.5
2/17/2022,0.5
2/18/2022,0.5
2/21/2022,0.5
2/22/2022,0.49
2/23/2022,0.5
2/24/2022,0.49
2/25/2022,0.5
2/28/2022,0.49
3/1/2022,0.5
3/2/2022,0.49
3/3/2022,0.49
3/4/2022,0.5
3/7/2022,0.49
3/8/2022,0.5
3/9/2022,0.5
3/10/2022,0.57
3/11/2022,0.65
3/14/2022,0.68
3/15/2022,0.75
3/16/2022,0.75
3/17/2022,0.75
3/18/2022,0.75
3/21/2022,0.75
3/22/2022,0.75
3/23/2022,0.75
3/24/2022,0.75
3/25/2022,0.75
3/28/2022,0.75
3/29/2022,0.75
3/30/2022,0.75
3/31/2022,0.75
4/1/2022,0.75
4/4/2022,0.75
4/5/2022,0.75
4/6/2022,0.75
4/7/2022,0.75
4/8/2022,0.75
4/11/2022,0.75
4/12/2022,0.75
4/13/2022,0.77
4/14/2022,0.77
4/15/2022,0.75
4/18/2022,0.75
4/19/2022,0.75
4/20/2022,0.75
4/21/2022,0.75
4/22/2022,0.75
4/25/2022,0.75
4/26/2022,0.75
4/27/2022,0.75
4/28/2022,0.75
4/29/2022,0.9
5/2/2022,0.9
5/3/2022,0.97
5/4/2022,0.98
5/5/2022,1
5/6/2022,1
5/9/2022,1
5/10/2022,1
5/11/2022,1
5/12/2022,1
5/13/2022,1
5/16/2022,1
5/17/2022,1
5/18/2022,1.02
5/19/2022,1
5/20/2022,1
5/23/2022,1
5/24/2022,1.02
5/25/2022,1
5/26/2022,1
5/27/2022,1
5/30/2022,1
5/31/2022,1.02
6/1/2022,1
6/2/2022,1
6/3/2022,1
6/6/2022,1
6/7/2022,1
6/8/2022,1
6/9/2022,1.16
6/10/2022,1.16
6/13/2022,1.16
6/14/2022,1.15
6/15/2022,1.28
6/16/2022,1.28
6/17/2022,1.28
6/20/2022,1.28
6/21/2022,1.26
6/22/2022,1.28
6/23/2022,1.28
6/24/2022,1.28
6/27/2022,1.29
6/28/2022,1.28
6/29/2022,1.28
6/30/2022,1.28
7/1/2022,1.29
7/4/2022,1.29
7/5/2022,1.29
7/6/2022,1.29
7/7/2022,1.29
7/8/2022,1.29
7/11/2022,1.29
7/12/2022,1.29
7/13/2022,1.29
7/14/2022,1.29
7/15/2022,1.29
7/18/2022,1.26
7/19/2022,1.27
7/20/2022,1.27
7/21/2022,1.27
7/22/2022,1.27
7/25/2022,1.27
7/26/2022,1.27
7/27/2022,1.34
7/28/2022,1.34
7/29/2022,1.41
8/1/2022,1.48
8/2/2022,1.55
8/3/2022,1.73
8/4/2022,1.76
8/5/2022,1.76
8/8/2022,1.76
8/9/2022,1.76
8/10/2022,1.76
8/11/2022,1.76
8/12/2022,1.76
8/15/2022,1.76
8/16/2022,1.76
8/17/2022,1.76
8/18/2022,1.76
8/19/2022,1.76
8/22/2022,1.76
8/23/2022,1.76
8/24/2022,1.76
8/25/2022,1.76
8/26/2022,1.76
8/29/2022,1.76
8/30/2022,1.76
8/31/2022,1.76
9/1/2022,1.76
9/2/2022,1.76
9/5/2022,1.76
9/6/2022,1.76
9/7/2022,1.85
9/8/2022,2.17
9/9/2022,1.95
9/12/2022,1.95
9/13/2022,1.95
9/14/2022,1.98
9/15/2022,2.3
9/16/2022,2.25
9/19/2022,2.25
9/20/2022,2.28
9/21/2022,2.3
9/22/2022,2.28
9/23/2022,2.28
9/26/2022,2.53
9/27/2022,2.53
9/28/2022,2.53
9/29/2022,2.49
9/30/2022,2.49
10/3/2022,2.5
10/4/2022,2.38
10/5/2022,2.35
10/6/2022,2.33
10/7/2022,2.33
10/10/2022,2.33
10/11/2022,2.33
10/12/2022,2.33
10/13/2022,2.33
10/14/2022,2.33
10/17/2022,2.33
10/18/2022,2.33
10/19/2022,2.33
10/20/2022,2.37
10/21/2022,2.33
10/24/2022,2.33
10/25/2022,2.33
10/26/2022,2.38
10/27/2022,2.71
10/28/2022,2.81
10/31/2022,2.9
11/1/2022,2.98
11/2/2022,2.98
11/3/2022,3
11/4/2022,3
11/7/2022,3
11/8/2022,3
11/9/2022,3
11/10/2022,3
11/11/2022,3
11/14/2022,3
11/15/2022,3
11/16/2022,3
11/17/2022,3
11/18/2022,3
11/21/2022,3
11/22/2022,3
11/23/2022,3
11/24/2022,3
11/25/2022,3
11/28/2022,3
11/29/2022,3
11/30/2022,3
12/1/2022,3
12/2/2022,3
12/5/2022,3
12/6/2022,3
12/7/2022,3.07
12/8/2022,3.23
12/9/2022,3.35
12/12/2022,3.43
12/13/2022,3.45
12/14/2022,3.45
12/15/2022,3.5
12/16/2022,3.5
12/19/2022,3.5
12/20/2022,3.5
12/21/2022,3.5
12/22/2022,3.6
12/23/2022,3.6
12/26/2022,3.6
12/27/2022,3.6
12/28/2022,3.65
12/29/2022,3.5
12/30/2022,3.5
1/2/2023,3.5
1/3/2023,3.5
1/4/2023,3.5
1/5/2023,3.5
1/6/2023,3.5
1/9/2023,3.5
1/10/2023,3.5
1/11/2023,3.5
1/12/2023,3.5
1/13/2023,3.5
1/16/2023,3.5
1/17/2023,3.5
1/18/2023,3.5
1/19/2023,3.5
1/20/2023,3.5
1/23/2023,3.5
1/24/2023,3.5
1/25/2023,3.57
1/26/2023,3.57
1/27/2023,3.82
1/30/2023,3.92
1/31/2023,3.95
2/1/2023,4
2/2/2023,4
2/3/2023,4
2/6/2023,4
2/7/2023,4
2/8/2023,4
2/9/2023,4
2/10/2023,4
2/13/2023,4
2/14/2023,4
2/15/2023,4
2/16/2023,4
2/17/2023,4
2/20/2023,4
2/21/2023,4
2/22/2023,4
2/23/2023,4
2/24/2023,4.13
2/27/2023,4
2/28/2023,4
3/1/2023,4
3/2/2023,4
3/3/2023,4
3/6/2023,4
3/7/2023,4
3/8/2023,4
3/9/2023,4
3/10/2023,4
3/13/2023,4
3/14/2023,4
3/15/2023,4.04
3/16/2023,4.04
3/17/2023,4.04
3/20/2023,4.04
3/21/2023,4.04
3/22/2023,4.25
3/23/2023,4.25
3/24/2023,4.25
3/27/2023,4.25
3/28/2023,4.25
3/29/2023,4.25
3/30/2023,4.25
3/31/2023,4.25
4/3/2023,4.25
4/4/2023,4.25
4/5/2023,4.25
4/6/2023,4.25
4/7/2023,4.25
4/10/2023,4.25
4/11/2023,4.25
4/12/2023,4.25
4/13/2023,4.25
4/14/2023,4.25
4/17/2023,4.25
4/18/2023,4.25
4/19/2023,4.25
4/20/2023,4.25
4/21/2023,4.25
4/24/2023,4.25
4/25/2023,4.25
4/26/2023,4.25
4/27/2023,4.25
4/28/2023,4.25
5/1/2023,4.25
5/2/2023,4.25
5/3/2023,4.27
5/4/2023,4.37
5/5/2023,4.39
5/8/2023,4.46
5/9/2023,4.46
5/10/2023,4.46
5/11/2023,4.5
5/12/2023,4.5
5/15/2023,4.5
5/16/2023,4.5
5/17/2023,4.5
5/18/2023,4.5
5/19/2023,4.5
5/22/2023,4.5
5/23/2023,4.5
5/24/2023,4.5
5/25/2023,4.5
5/26/2023,4.5
5/29/2023,4.5
5/30/2023,4.5
5/31/2023,4.5
6/1/2023,4.5
6/2/2023,4.5
6/5/2023,4.5
6/6/2023,4.5
6/7/2023,4.5
6/8/2023,4.5
6/9/2023,4.5
6/12/2023,4.5
6/13/2023,4.5
6/14/2023,4.5
6/15/2023,4.64
6/16/2023,4.64
6/19/2023,4.71
6/20/2023,4.75
6/21/2023,4.75
6/22/2023,5
6/23/2023,5
6/26/2023,5
6/27/2023,5
6/28/2023,5
6/29/2023,5
6/30/2023,4.97
7/3/2023,5
7/4/2023,4.97
7/5/2023,4.97
7/6/2023,4.97
7/7/2023,4.97
7/10/2023,4.99
7/11/2023,4.99
7/12/2023,4.99
7/13/2023,4.99
7/14/2023,4.99
7/17/2023,4.99
7/18/2023,4.99
7/19/2023,4.99
7/20/2023,5.02
7/21/2023,4.99
7/24/2023,4.99
7/25/2023,4.98
7/26/2023,4.99
7/27/2023,5
7/28/2023,5.17
7/31/2023,5.18
8/1/2023,5.23
8/2/2023,5.25
8/3/2023,5.25
8/4/2023,5.25
8/7/2023,5.25
8/8/2023,5.25
8/9/2023,5.25
8/10/2023,5.25
8/11/2023,5.25
8/14/2023,5.25
8/15/2023,5.25
8/16/2023,5.25
8/17/2023,5.25
8/18/2023,5.25
8/21/2023,5.25
8/22/2023,5.25
8/23/2023,5.25
8/24/2023,5.25
8/25/2023,5.25
8/28/2023,5.25
8/29/2023,5.25
8/30/2023,5.25
8/31/2023,5.25
9/1/2023,5.25
9/4/2023,5.25
9/5/2023,5.25
9/6/2023,5.25
9/7/2023,5.25
9/8/2023,5.25
9/11/2023,5.25
9/12/2023,5.25
9/13/2023,5.25
9/14/2023,5.28
9/15/2023,5.38
9/18/2023,5.38
9/19/2023,5.43
9/20/2023,5.38
9/21/2023,5.28
9/22/2023,5.25
9/25/2023,5.25
9/26/2023,5.25
9/27/2023,5.28
9/28/2023,5.25
9/29/2023,5.25
10/2/2023,5.28
10/3/2023,5.25
10/4/2023,5.25
10/5/2023,5.27
10/6/2023,5.25
10/9/2023,5.25
10/10/2023,5.25
10/11/2023,5.25
10/12/2023,5.25
10/13/2023,5.25
10/16/2023,5.25
10/17/2023,5.25
10/18/2023,5.25
10/19/2023,5.25
10/20/2023,5.25
10/23/2023,5.25
10/24/2023,5.25
10/25/2023,5.25
10/26/2023,5.25
10/27/2023,5.25
10/30/2023,5.25
10/31/2023,5.25
11/1/2023,5.25
11/2/2023,5.25
11/3/2023,5.25
11/6/2023,5.25
11/7/2023,5.25
11/8/2023,5.25
11/9/2023,5.28
11/10/2023,5.25
11/13/2023,5.25
11/14/2023,5.25
11/15/2023,5.25
11/16/2023,5.25
11/17/2023,5.25
11/20/2023,5.25
11/21/2023,5.25
11/22/2023,5.25
11/23/2023,5.25
11/24/2023,5.25
11/27/2023,5.27
11/28/2023,5.27
11/29/2023,5.24
11/30/2023,5.24
12/1/2023,5.24
12/4/2023,5.24
12/5/2023,5.23
12/6/2023,5.24
12/7/2023,5.24
12/8/2023,5.24
12/11/2023,5.24
12/12/2023,5.24
12/13/2023,5.26
12/14/2023,5.24
12/15/2023,5.24
12/18/2023,5.24
12/19/2023,5.24
12/20/2023,5.23
12/21/2023,5.34
12/22/2023,5.28
12/25/2023,5.26
12/26/2023,5.25
12/27/2023,5.31
12/28/2023,5.28
12/29/2023,5.24
1/1/2024,
1/2/2024,5.24
1/3/2024,5.24
1/4/2024,5.24
1/5/2024,5.24
1/8/2024,5.24
1/9/2024,5.24
1/10/2024,5.24
1/11/2024,5.24
1/12/2024,5.24
1/15/2024,5.24
1/16/2024,5.22
1/17/2024,5.24
1/18/2024,5.24
1/19/2024,5.24
1/22/2024,5.24
1/23/2024,5.24
1/24/2024,5.24
1/25/2024,5.25
1/26/2024,5.24
1/29/2024,5.24
1/30/2024,5.25
1/31/2024,5.24
2/1/2024,5.24
2/2/2024,5.25
2/5/2024,5.24
2/6/2024,5.24
2/7/2024,5.24
2/8/2024,5.23
2/9/2024,5.24
2/12/2024,5.23
2/13/2024,5.23
2/14/2024,5.24
2/15/2024,5.24
2/16/2024,5.24
2/19/2024,5.24
2/20/2024,
2/21/2024,
2/22/2024,
2/23/2024,
2/26/2024,
2/27/2024,
2/28/2024,
2/29/2024,
3/1/2024,
3/4/2024,
3/5/2024,
3/6/2024,
3/7/2024,
3/8/2024,
3/11/2024,
3/12/2024,
3/13/2024,
3/14/2024,
3/15/2024,
3/18/2024,
3/19/2024,
3/20/2024,
3/21/2024,
3/22/2024,
3/25/2024,
3/26/2024,
3/27/2024,
3/28/2024,
3/29/2024,
4/1/2024,
4/2/2024,
4/3/2024,
4/4/2024,
4/5/2024,
4/8/2024,
4/9/2024,
4/10/2024,
4/11/2024,
4/12/2024,
4/15/2024,
4/16/2024,
4/17/2024,
4/18/2024,
4/19/2024,
4/22/2024,
4/23/2024,
4/24/2024,
4/25/2024,
4/26/2024,
4/29/2024,
4/30/2024,
5/1/2024,
5/2/2024,
5/3/2024,
5/6/2024,
5/7/2024,
5/8/2024,
5/9/2024,
5/10/2024,
5/13/2024,
5/14/2024,
5/15/2024,
5/16/2024,
5/17/2024,
5/20/2024,
5/21/2024,
5/22/2024,
5/23/2024,
5/24/2024,
5/27/2024,
5/28/2024,
5/29/2024,
5/30/2024,
5/31/2024,
6/3/2024,
6/4/2024,
6/5/2024,
6/6/2024,
6/7/2024,
6/10/2024,
6/11/2024,
6/12/2024,
6/13/2024,
6/14/2024,
6/17/2024,
6/18/2024,
6/19/2024,
6/20/2024,
6/21/2024,
6/24/2024,
6/25/2024,
6/26/2024,
6/27/2024,
6/28/2024,
7/1/2024,
7/2/2024,
7/3/2024,
7/4/2024,
7/5/2024,
7/8/2024,
7/9/2024,
7/10/2024,
7/11/2024,
7/12/2024,
7/15/2024,
7/16/2024,
7/17/2024,
7/18/2024,
7/19/2024,
7/22/2024,
7/23/2024,
7/24/2024,
7/25/2024,
7/26/2024,
7/29/2024,
7/30/2024,
7/31/2024,
8/1/2024,
8/2/2024,
8/5/2024,
8/6/2024,
8/7/2024,
8/8/2024,
8/9/2024,
8/12/2024,
8/13/2024,
8/14/2024,
8/15/2024,
8/16/2024,
8/19/2024,
8/20/2024,
8/21/2024,
8/22/2024,
8/23/2024,
8/26/2024,
8/27/2024,
8/28/2024,
8/29/2024,
8/30/2024,
9/2/2024,
9/3/2024,
9/4/2024,
9/5/2024,
9/6/2024,
9/9/2024,
9/10/2024,
9/11/2024,
9/12/2024,
9/13/2024,
9/16/2024,
9/17/2024,
9/18/2024,
9/19/2024,
9/20/2024,
9/23/2024,
9/24/2024,
9/25/2024,
9/26/2024,
9/27/2024,
9/30/2024,
10/1/2024,
10/2/2024,
10/3/2024,
10/4/2024,
10/7/2024,
10/8/2024,
10/9/2024,
10/10/2024,
10/11/2024,
10/14/2024,
10/15/2024,
10/16/2024,
10/17/2024,
10/18/2024,
10/21/2024,
10/22/2024,
10/23/2024,
10/24/2024,
10/25/2024,
10/28/2024,
10/29/2024,
10/30/2024,
10/31/2024,
11/1/2024,
11/4/2024,
11/5/2024,
11/6/2024,
11/7/2024,
11/8/2024,
11/11/2024,
11/12/2024,
11/13/2024,
11/14/2024,
11/15/2024,
11/18/2024,
11/19/2024,
11/20/2024,
11/21/2024,
11/22/2024,
11/25/2024,
11/26/2024,
11/27/2024,
11/28/2024,
11/29/2024,
12/2/2024,
12/3/2024,
12/4/2024,
12/5/2024,
12/6/2024,
12/9/2024,
12/10/2024,
12/11/2024,
12/12/2024,
12/13/2024,
12/16/2024,
12/17/2024,
12/18/2024,
12/19/2024,
12/20/2024,
12/23/2024,
12/24/2024,
12/25/2024,
12/26/2024,
12/27/2024,
12/30/2024,
12/31/2024,
